"Sample IDs","Dilutions","Date","Reader","MPR","MS","TtT","RAF"
"P","1000","11/18/2024","r5",7.98067632850242,2.263285,16.3514851485149,0.0611565243717832
" 1","100","11/18/2024","r5",13.6382978723404,3.91312056666667,20.6659663865546,0.048388736403375
" 2","100","11/18/2024","r5",1.54773869346734,0.261306366666667,48,0.0208333333333333
" 3","100","11/18/2024","r5",12.0153846153846,3.18803433333333,27.8921328671329,0.0358524034272892
" 4","100","11/18/2024","r5",1.67254408060453,0.2552476,48,0.0208333333333333
" 5","100","11/18/2024","r5",11.7893462469734,3.06860366666667,34.6259305210918,0.0288800902950714
" 6","100","11/18/2024","r5",1.63520408163265,0.2661565,48,0.0208333333333333
" 7","100","11/18/2024","r5",1.67915690866511,0.2412177,48,0.0208333333333333
" 8","100","11/18/2024","r5",1.54936708860759,0.2514767,48,0.0208333333333333
" 9","100","11/18/2024","r5",1.6025641025641,0.2632478,48,0.0208333333333333
"10","100","11/18/2024","r5",16.3013698630137,4.8675799,9.7690381928272,0.102364222583779
"11","100","11/18/2024","r5",17.8060109289617,5.5464481,26.3381355932203,0.0379677595804241
"P","1000","11/18/2024","r5",8.42401960784314,2.37091516666667,16.0226449275362,0.0624116682684154
" 1","100","11/18/2024","r5",18.4281984334204,4.65361166666667,32.3812664907652,0.0308820533713587
" 2","100","11/18/2024","r5",1.80306905370844,0.296675133333333,48,0.0208333333333333
" 3","100","11/18/2024","r5",1.61712846347607,0.267002633333333,48,0.0208333333333333
" 4","100","11/18/2024","r5",1.60925449871465,0.2964868,48,0.0208333333333333
" 5","100","11/18/2024","r5",7.16089108910891,1.87458733333333,46.0397727272727,0.0217203504874738
" 6","100","11/18/2024","r5",2.3510101010101,0.271043833333333,47.6466101694915,0.0209878519467122
" 7","100","11/18/2024","r5",1.78155339805825,0.246763733333333,48,0.0208333333333333
" 8","100","11/18/2024","r5",1.67708333333333,0.287326433333333,48,0.0208333333333333
" 9","100","11/18/2024","r5",7.92665036674817,2.07253466666667,37.5097305389222,0.0266597489673338
"10","100","11/18/2024","r5",10.010752688172,2.85663073333333,18.1618226600985,0.0550605530466387
"11","100","11/18/2024","r5",18.3377308707124,5.3007914,15.8109629012088,0.0632472548476819
"P","1000","11/18/2024","r5",20.7733990147783,4.867816,15.7825704225352,0.0633610351943778
" 1","100","11/18/2024","r5",11.503937007874,3.21697266666667,40.6183357348703,0.0246194232704988
" 2","100","11/18/2024","r5",13.21875,3.53559033333333,37.5077632763276,0.0266611472572435
" 3","100","11/18/2024","r5",9.82412060301507,2.515913,36.8169469598965,0.027161404803317
" 4","100","11/18/2024","r5",10.5898058252427,2.75,26.8933734939759,0.0371838810115808
" 5","100","11/18/2024","r5",24.0402843601896,6.68167456666667,14.9548429319372,0.0668679707671437
" 6","100","11/18/2024","r5",1.74234693877551,0.267006733333333,48,0.0208333333333333
" 7","100","11/18/2024","r5",5.38038277511962,0.915470333333333,39.0025167785235,0.0256393710610656
" 8","100","11/18/2024","r5",1.78249336870027,0.285588,48,0.0208333333333333
" 9","100","11/18/2024","r5",1.46282973621103,0.256594866666667,48,0.0208333333333333
"10","100","11/18/2024","r5",18.3678414096916,5.71292216666667,14.469240297275,0.0691121288647291
"11","100","11/18/2024","r5",7.36898395721925,1.68360066666667,24.1206030150754,0.0414583333333333
"P","1000","11/18/2024","r5",10.3217821782178,2.82343236666667,12.9361510791367,0.0773027459158846
" 1","100","11/18/2024","r5",15.4173228346457,4.327209,28.572093608455,0.0349991853486047
" 2","100","11/18/2024","r5",1.54364089775561,0.256026433333333,48,0.0208333333333333
" 3","100","11/18/2024","r5",1.61728395061728,0.270781866666667,48,0.0208333333333333
" 4","100","11/18/2024","r5",10.6093366093366,2.921376,42.0215173025732,0.0237973320382404
" 5","100","11/18/2024","r5",1.49636803874092,0.2413235,48,0.0208333333333333
" 6","100","11/18/2024","r5",1.53246753246753,0.2649352,48,0.0208333333333333
" 7","100","11/18/2024","r5",8.26168224299065,2.01090333333333,39.69375,0.0251928830105495
" 8","100","11/18/2024","r5",1.63049095607235,0.2919898,48,0.0208333333333333
" 9","100","11/18/2024","r5",1.71670702179177,0.265536766666667,48,0.0208333333333333
"10","100","11/18/2024","r5",14.545643153527,3.9502073,18.1716328963051,0.0550308277581005
"11","100","11/18/2024","r5",19.4857142857143,5.50562773333333,13.9074675324675,0.0719038169721023
"N","1000","11/18/2024","r5",1.65343915343915,0.259259333333333,48,0.0208333333333333
"12","100","11/18/2024","r5",16.2025,4.36083333333333,36.1342220598977,0.0276745960752207
"13","100","11/18/2024","r5",8.10473815461347,2.07896933333333,19.365671641791,0.0516377649325626
"14","100","11/18/2024","r5",1.55216284987277,0.265479233333333,48,0.0208333333333333
"15","100","11/18/2024","r5",10.8279301745636,2.90689933333333,33.2997648902821,0.0300302420541062
"16","100","11/18/2024","r5",17.848635235732,4.95616233333333,32.8093824228028,0.0304790863513783
"17","100","11/18/2024","r5",12.9015957446809,3.608156,35.9409448818898,0.0278234198707416
"18","100","11/18/2024","r5",24.3192612137203,5.956904,13.8860123647604,0.0720149149901216
"19","100","11/18/2024","r5",8.11320754716981,2.13926333333333,42.2480407523511,0.0236697366834544
"20","100","11/18/2024","r5",1.5234375,0.2612849,48,0.0208333333333333
"21","100","11/18/2024","r5",8.61154855643045,2.20559933333333,28.9763736263736,0.03451087471794
"22","100","11/18/2024","r5",16.1827160493827,4.75390933333333,18.8792384658143,0.0529682381951345
"N","1000","11/18/2024","r5",1.63730569948187,0.237478366666667,48,0.0208333333333333
"12","100","11/18/2024","r5",9.89449541284404,2.55581033333333,37.5252134471718,0.0266487491512288
"13","100","11/18/2024","r5",1.61,0.24,48,0.0208333333333333
"14","100","11/18/2024","r5",15.66,4.52833333333333,42.5773195876289,0.0234866828087167
"15","100","11/18/2024","r5",8.18780487804878,2.18699166666667,44.4717043941411,0.0224862081097063
"16","100","11/18/2024","r5",12.9338624338624,3.74779533333333,43.828423566879,0.0228162438576891
"17","100","11/18/2024","r5",15.0658227848101,3.926582,33.1646511627907,0.0301525861101761
"18","100","11/18/2024","r5",1.54156171284635,0.283795,48,0.0208333333333333
"19","100","11/18/2024","r5",4.5374677002584,1.00344533333333,45.1991525423729,0.0221243086153558
"20","100","11/18/2024","r5",1.70509383378016,0.274352166666667,48,0.0208333333333333
"21","100","11/18/2024","r5",4.44054054054054,0.955855666666667,41.5285714285714,0.0240798073615411
"22","100","11/18/2024","r5",16.3333333333333,4.456889,24.7693816335948,0.0403724249071965
"N","1000","11/18/2024","r5",1.64450127877238,0.219949,48,0.0208333333333333
"12","100","11/18/2024","r5",22.2450980392157,6.1004903,18.7582065652522,0.0533100004268215
"13","100","11/18/2024","r5",1.50485436893204,0.245954733333333,48,0.0208333333333333
"14","100","11/18/2024","r5",13.4912280701754,3.4218879,22.634687332977,0.044179978512143
"15","100","11/18/2024","r5",1.55282555282555,0.230958333333333,48,0.0208333333333333
"16","100","11/18/2024","r5",1.52956298200514,0.230505566666667,48,0.0208333333333333
"17","100","11/18/2024","r5",4.15,0.863333333333333,47.297385620915,0.0211428176604712
"18","100","11/18/2024","r5",1.53924050632911,0.254852433333333,48,0.0208333333333333
"19","100","11/18/2024","r5",5.17380952380952,1.30873033333333,46.4797297297297,0.0215147550516063
"20","100","11/18/2024","r5",1.52429667519182,0.245524233333333,48,0.0208333333333333
"21","100","11/18/2024","r5",5.29528535980149,1.173697,26.8920990566038,0.0371856431844592
"22","100","11/18/2024","r5",14.6332574031891,3.76461666666667,19.8740359897172,0.0503169059630061
"N","1000","11/18/2024","r5",1.56122448979592,0.2329933,48,0.0208333333333333
"12","100","11/18/2024","r5",1.43917525773196,0.2158075,48,0.0208333333333333
"13","100","11/18/2024","r5",1.44554455445545,0.231023,48,0.0208333333333333
"14","100","11/18/2024","r5",1.5799522673031,0.237072533333333,48,0.0208333333333333
"15","100","11/18/2024","r5",1.48820754716981,0.217767433333333,48,0.0208333333333333
"16","100","11/18/2024","r5",3.91484184914842,0.855636666666667,46.9110429447853,0.021316942391944
"17","100","11/18/2024","r5",1.60945273631841,0.216417933333333,48,0.0208333333333333
"18","100","11/18/2024","r5",1.60981912144703,0.2437555,48,0.0208333333333333
"19","100","11/18/2024","r5",5.49760765550239,1.32296633333333,39.0009351620948,0.0256404108220437
"20","100","11/18/2024","r5",1.43376623376623,0.236363666666667,48,0.0208333333333333
"21","100","11/18/2024","r5",14.7696335078534,3.92931966666667,18.944828990228,0.05278485229483
"22","100","11/18/2024","r5",6.18227848101266,1.46919833333333,20.4188388625592,0.0489743812922506
"P","1000","11/18/2024","r6",15.4291938997821,4.04139433333333,14.3486176668914,0.0696931246769115
"23","100","11/18/2024","r6",4.62531017369727,1.1803143,15.3445680628272,0.0651696415243213
"24","100","11/18/2024","r6",11.8934579439252,3.08535826666667,18.7728758169935,0.0532683436330403
"25","100","11/18/2024","r6",10.3248259860789,2.84609433333333,40.4180825242718,0.024741401312135
"26","100","11/18/2024","r6",1.14285714285714,0.215821933333333,48,0.0208333333333333
"27","100","11/18/2024","r6",1.18181818181818,0.224553366666667,48,0.0208333333333333
"28","100","11/18/2024","r6",1.0952380952381,0.2154195,48,0.0208333333333333
"29","100","11/18/2024","r6",1.14018691588785,0.215732,48,0.0208333333333333
"30","100","11/18/2024","r6",1.17452830188679,0.204402633333333,48,0.0208333333333333
"31","100","11/18/2024","r6",1.1047227926078,0.192334166666667,48,0.0208333333333333
"32","100","11/18/2024","r6",1.08566108007449,0.207945333333333,48,0.0208333333333333
"33","100","11/18/2024","r6",1.13785557986871,0.2056894,48,0.0208333333333333
"P","1000","11/18/2024","r6",10.4656652360515,2.63590846666667,22.8056274256145,0.0438488264908176
"23","100","11/18/2024","r6",3.79504504504505,0.886636633333333,22.0409836065574,0.0453700260319822
"24","100","11/18/2024","r6",9.40892857142857,2.6595238,26.34394848271,0.0379593818541028
"25","100","11/18/2024","r6",11.7067833698031,3.186725,32.6146095717884,0.0306611059623108
"26","100","11/18/2024","r6",1.14383561643836,0.217656166666667,48,0.0208333333333333
"27","100","11/18/2024","r6",1.12557077625571,0.213089866666667,48,0.0208333333333333
"28","100","11/18/2024","r6",1.12727272727273,0.216666833333333,48,0.0208333333333333
"29","100","11/18/2024","r6",1.13169642857143,0.2157738,48,0.0208333333333333
"30","100","11/18/2024","r6",1.14772727272727,0.2106061,48,0.0208333333333333
"31","100","11/18/2024","r6",1.06952965235174,0.204499133333333,48,0.0208333333333333
"32","100","11/18/2024","r6",1.08695652173913,0.206192366666667,48,0.0208333333333333
"33","100","11/18/2024","r6",1.18876404494382,0.194007433333333,48,0.0208333333333333
"P","1000","11/18/2024","r6",9.35,2.30694443333333,11.890625,0.0840998685939553
"23","100","11/18/2024","r6",4.05995717344754,1.05139186666667,17.2876637554585,0.0578447159862335
"24","100","11/18/2024","r6",12.0319715808171,3.66548253333333,14.2762073863636,0.0700466148281918
"25","100","11/18/2024","r6",13.3747228381375,3.97856616666667,20.3514357053683,0.0491365825230807
"26","100","11/18/2024","r6",1.15540540540541,0.199699833333333,48,0.0208333333333333
"27","100","11/18/2024","r6",1.17078651685393,0.223221133333333,48,0.0208333333333333
"28","100","11/18/2024","r6",1.11486486486486,0.213213266666667,48,0.0208333333333333
"29","100","11/18/2024","r6",1.13800904977376,0.2277528,48,0.0208333333333333
"30","100","11/18/2024","r6",1.10176991150442,0.2057523,48,0.0208333333333333
"31","100","11/18/2024","r6",1.10864745011086,0.1943829,48,0.0208333333333333
"32","100","11/18/2024","r6",1.07659574468085,0.1815604,48,0.0208333333333333
"33","100","11/18/2024","r6",1.15540540540541,0.195945933333333,48,0.0208333333333333
"P","1000","11/18/2024","r6",8.67091295116773,2.31280963333333,15.9099839615076,0.0628536145868774
"23","100","11/18/2024","r6",4.67539267015707,1.17801046666667,19.1015205724508,0.0523518531525836
"24","100","11/18/2024","r6",7.66666666666667,2.21777776666667,26.0759202453988,0.0383495573919948
"25","100","11/18/2024","r6",13.9698924731183,3.8752688,15.0012905075997,0.0666609315707472
"26","100","11/18/2024","r6",1.14318181818182,0.2174241,48,0.0208333333333333
"27","100","11/18/2024","r6",1.19603524229075,0.2092512,48,0.0208333333333333
"28","100","11/18/2024","r6",1.16367713004484,0.2227206,48,0.0208333333333333
"29","100","11/18/2024","r6",1.12087912087912,0.221245366666667,48,0.0208333333333333
"30","100","11/18/2024","r6",1.19733924611973,0.209164766666667,48,0.0208333333333333
"31","100","11/18/2024","r6",1.10344827586207,0.201149433333333,48,0.0208333333333333
"32","100","11/18/2024","r6",1.09656652360515,0.1945638,48,0.0208333333333333
"33","100","11/18/2024","r6",1.18061674008811,0.1938325,48,0.0208333333333333
"N","1000","11/18/2024","r6",1.12443438914027,0.2134238,48,0.0208333333333333
"34","100","11/18/2024","r6",1.16475972540046,0.215102933333333,48,0.0208333333333333
"35","100","11/18/2024","r6",1.23543123543124,0.221445366666667,48,0.0208333333333333
"36","100","11/18/2024","r6",1.14645308924485,0.2212053,48,0.0208333333333333
"37","100","11/18/2024","r6",1.1463963963964,0.206456366666667,48,0.0208333333333333
"38","100","11/18/2024","r6",1.17084282460137,0.212604233333333,48,0.0208333333333333
"39","100","11/18/2024","r6",1.13625866050808,0.208621966666667,48,0.0208333333333333
"40","100","11/18/2024","r6",1.140625,0.2075892,48,0.0208333333333333
"41","100","11/18/2024","r6",1.1509009009009,0.207958033333333,48,0.0208333333333333
"42","100","11/18/2024","r6",1.15068493150685,0.209284766666667,48,0.0208333333333333
"43","100","11/18/2024","r6",1.11471861471861,0.1904762,48,0.0208333333333333
"N","1000","11/18/2024","r6",1.10151187904968,0.1951044,48,0.0208333333333333
"34","100","11/18/2024","r6",1.26415094339623,0.2059749,48,0.0208333333333333
"35","100","11/18/2024","r6",1.18678815489749,0.212604233333333,48,0.0208333333333333
"36","100","11/18/2024","r6",1.1448275862069,0.228352333333333,48,0.0208333333333333
"37","100","11/18/2024","r6",1.13100436681223,0.190684,48,0.0208333333333333
"38","100","11/18/2024","r6",1.14031180400891,0.2011877,48,0.0208333333333333
"39","100","11/18/2024","r6",1.11868131868132,0.194871833333333,48,0.0208333333333333
"40","100","11/18/2024","r6",1.10042735042735,0.191595366666667,48,0.0208333333333333
"41","100","11/18/2024","r6",1.10284463894967,0.1954778,48,0.0208333333333333
"42","100","11/18/2024","r6",1.09808102345416,0.191897633333333,48,0.0208333333333333
"43","100","11/18/2024","r6",1.07822410147992,0.186751233333333,48,0.0208333333333333
"N","1000","11/18/2024","r6",1.15584415584416,0.191197533333333,48,0.0208333333333333
"34","100","11/18/2024","r6",1.17016317016317,0.216006366666667,48,0.0208333333333333
"35","100","11/18/2024","r6",1.1441647597254,0.207475066666667,48,0.0208333333333333
"36","100","11/18/2024","r6",1.14831460674157,0.2082396,48,0.0208333333333333
"37","100","11/18/2024","r6",1.13963963963964,0.198948866666667,48,0.0208333333333333
"38","100","11/18/2024","r6",1.1079295154185,0.194566833333333,48,0.0208333333333333
"39","100","11/18/2024","r6",1.0929203539823,0.1843659,48,0.0208333333333333
"40","100","11/18/2024","r6",1.05252100840336,0.1778711,48,0.0208333333333333
"41","100","11/18/2024","r6",1.12035010940919,0.185995633333333,48,0.0208333333333333
"42","100","11/18/2024","r6",1.10683760683761,0.1773503,48,0.0208333333333333
"43","100","11/18/2024","r6",1.11688311688312,0.1767677,48,0.0208333333333333
"N","1000","11/18/2024","r6",1.07017543859649,0.182017666666667,48,0.0208333333333333
"34","100","11/18/2024","r6",1.12412177985948,0.1959405,48,0.0208333333333333
"35","100","11/18/2024","r6",1.13211845102506,0.2057707,48,0.0208333333333333
"36","100","11/18/2024","r6",1.14678899082569,0.1903671,48,0.0208333333333333
"37","100","11/18/2024","r6",1.08296943231441,0.186317366666667,48,0.0208333333333333
"38","100","11/18/2024","r6",1.11363636363636,0.188636466666667,48,0.0208333333333333
"39","100","11/18/2024","r6",1.09628008752735,0.178701733333333,48,0.0208333333333333
"40","100","11/18/2024","r6",1.07708779443255,0.175588766666667,48,0.0208333333333333
"41","100","11/18/2024","r6",1.12068965517241,0.1695403,48,0.0208333333333333
"42","100","11/18/2024","r6",1.09090909090909,0.205627566666667,48,0.0208333333333333
"43","100","11/18/2024","r6",1.10629067245119,0.182935733333333,48,0.0208333333333333
"P","1000","1/3/2025","r5",23.4762979683973,7.38675693333333,20.7683066361556,0.0481502906095915
" 1","10","1/3/2025","r5",1.05339805825243,0.326860766666667,48,0.0208333333333333
" 2","10","1/3/2025","r5",1.13571428571429,0.324603266666667,48,0.0208333333333333
" 3","10","1/3/2025","r5",1.07246376811594,0.318840533333333,48,0.0208333333333333
" 4","10","1/3/2025","r5",1.07635467980296,0.3185549,48,0.0208333333333333
" 5","10","1/3/2025","r5",1.10739856801909,0.3253779,48,0.0208333333333333
" 6","10","1/3/2025","r5",1.09905660377358,0.321540733333333,48,0.0208333333333333
" 7","10","1/3/2025","r5",1.06352941176471,0.312941166666667,48,0.0208333333333333
" 8","10","1/3/2025","r5",1.14657210401891,0.318360833333333,48,0.0208333333333333
" 9","10","1/3/2025","r5",1.11428571428571,0.315872933333333,48,0.0208333333333333
"10","10","1/3/2025","r5",23.2543640897756,5.35577723333333,24.1518371757925,0.0414047176917168
"11","10","1/3/2025","r5",18.8120481927711,5.41526103333333,36.8379028882378,0.0271459535314454
"P","1000","1/3/2025","r5",9.89151873767258,2.78698223333333,15.137685290764,0.0660602979116057
" 1","10","1/3/2025","r5",1.19501133786848,0.3182163,48,0.0208333333333333
" 2","10","1/3/2025","r5",1.20758928571429,0.321428466666667,48,0.0208333333333333
" 3","10","1/3/2025","r5",1.09871244635193,0.331187366666667,48,0.0208333333333333
" 4","10","1/3/2025","r5",1.07786885245902,0.306011,48,0.0208333333333333
" 5","10","1/3/2025","r5",1.26057906458797,0.3429843,48,0.0208333333333333
" 6","10","1/3/2025","r5",1.14383561643836,0.3356165,48,0.0208333333333333
" 7","10","1/3/2025","r5",1.1438202247191,0.328089766666667,48,0.0208333333333333
" 8","10","1/3/2025","r5",1.12035010940919,0.342086033333333,48,0.0208333333333333
" 9","10","1/3/2025","r5",1.14912280701754,0.341374166666667,48,0.0208333333333333
"10","10","1/3/2025","r5",17.9094736842105,5.3494737,12.8728350903614,0.0776829651728197
"11","10","1/3/2025","r5",1.38260869565217,0.331884,48,0.0208333333333333
"P","1000","1/3/2025","r5",9.92668024439918,2.8479294,13.9617052023121,0.071624488950991
" 1","10","1/3/2025","r5",1.09052631578947,0.338245633333333,48,0.0208333333333333
" 2","10","1/3/2025","r5",1.18329466357309,0.327146033333333,48,0.0208333333333333
" 3","10","1/3/2025","r5",1.15605749486653,0.312114933333333,48,0.0208333333333333
" 4","10","1/3/2025","r5",1.15540540540541,0.3250751,48,0.0208333333333333
" 5","10","1/3/2025","r5",1.16595744680851,0.3312058,48,0.0208333333333333
" 6","10","1/3/2025","r5",1.12698412698413,0.331065833333333,48,0.0208333333333333
" 7","10","1/3/2025","r5",1.09247311827957,0.3376343,48,0.0208333333333333
" 8","10","1/3/2025","r5",1.04887983706721,0.326544333333333,48,0.0208333333333333
" 9","10","1/3/2025","r5",1.14965986394558,0.340891766666667,48,0.0208333333333333
"10","10","1/3/2025","r5",28.5024875621891,7.4145937,9.29264392324094,0.10761200022945
"11","10","1/3/2025","r5",16.8519269776876,4.6815417,12.1030962912555,0.0826234854235192
"P","1000","1/3/2025","r5",7.61174242424242,2.14078283333333,13.9384615384615,0.0717439293598234
" 1","10","1/3/2025","r5",1.07644628099174,0.303030166666667,48,0.0208333333333333
" 2","10","1/3/2025","r5",1.21075268817204,0.315412266666667,48,0.0208333333333333
" 3","10","1/3/2025","r5",1.0977130977131,0.312543366666667,48,0.0208333333333333
" 4","10","1/3/2025","r5",1.12107623318386,0.3183856,48,0.0208333333333333
" 5","10","1/3/2025","r5",1.0368932038835,0.309385133333333,48,0.0208333333333333
" 6","10","1/3/2025","r5",1.21271929824561,0.288011733333333,48,0.0208333333333333
" 7","10","1/3/2025","r5",1.09012875536481,0.333333266666667,48,0.0208333333333333
" 8","10","1/3/2025","r5",1.1255230125523,0.312412833333333,48,0.0208333333333333
" 9","10","1/3/2025","r5",1.17248908296943,0.3449782,48,0.0208333333333333
"10","10","1/3/2025","r5",18.6454545454545,5.8257575,10.5130331753555,0.0951200270483489
"11","10","1/3/2025","r5",1.33698030634573,0.312910166666667,48,0.0208333333333333
"N","1000","1/3/2025","r5",1.11428571428571,0.2579364,48,0.0208333333333333
"12","10","1/3/2025","r5",1.11163895486936,0.307205166666667,48,0.0208333333333333
"13","10","1/3/2025","r5",1.2248243559719,0.330210633333333,48,0.0208333333333333
"14","10","1/3/2025","r5",1.16129032258065,0.291858733333333,48,0.0208333333333333
"15","10","1/3/2025","r5",1.12529550827423,0.3199368,48,0.0208333333333333
"16","10","1/3/2025","r5",1.10849056603774,0.301886733333333,48,0.0208333333333333
"17","10","1/3/2025","r5",1.15980629539952,0.3188055,48,0.0208333333333333
"18","10","1/3/2025","r5",1.17741935483871,0.299539066666667,48,0.0208333333333333
"19","10","1/3/2025","r5",1.10810810810811,0.3018017,48,0.0208333333333333
"20","10","1/3/2025","r5",1.0911214953271,0.306074666666667,48,0.0208333333333333
"21","10","1/3/2025","r5",1.16746411483254,0.314194633333333,48,0.0208333333333333
"22","10","1/3/2025","r5",1.14903846153846,0.2860576,48,0.0208333333333333
"N","1000","1/3/2025","r5",1.07036247334755,0.260838833333333,48,0.0208333333333333
"12","10","1/3/2025","r5",1.12253829321663,0.317286666666667,48,0.0208333333333333
"13","10","1/3/2025","r5",1.08577878103837,0.322046666666667,48,0.0208333333333333
"14","10","1/3/2025","r5",1.36563876651982,0.3142439,48,0.0208333333333333
"15","10","1/3/2025","r5",4.51605504587156,1.13379203333333,36.9382898062342,0.0270721791735801
"16","10","1/3/2025","r5",4.14823008849558,0.991150466666667,37.1846473029046,0.0268928192824862
"17","10","1/3/2025","r5",1.09937888198758,0.297446433333333,48,0.0208333333333333
"18","10","1/3/2025","r5",1.10272536687631,0.284416333333333,48,0.0208333333333333
"19","10","1/3/2025","r5",1.10893246187364,0.3006535,48,0.0208333333333333
"20","10","1/3/2025","r5",1.07860262008734,0.302765766666667,48,0.0208333333333333
"21","10","1/3/2025","r5",1.0253164556962,0.258227933333333,48,0.0208333333333333
"22","10","1/3/2025","r5",1.13429752066116,0.275482,48,0.0208333333333333
"N","1000","1/3/2025","r5",1.06553911205074,0.264270633333333,48,0.0208333333333333
"12","10","1/3/2025","r5",1.04089979550102,0.305385133333333,48,0.0208333333333333
"13","10","1/3/2025","r5",1.08884297520661,0.294077,48,0.0208333333333333
"14","10","1/3/2025","r5",1.20212765957447,0.287943266666667,48,0.0208333333333333
"15","10","1/3/2025","r5",1.09170305676856,0.313682533333333,48,0.0208333333333333
"16","10","1/3/2025","r5",1.06329113924051,0.3009846,48,0.0208333333333333
"17","10","1/3/2025","r5",6.30125523012552,1.67224546666667,37.7166547788873,0.0265134860411791
"18","10","1/3/2025","r5",1.11608961303462,0.2810589,48,0.0208333333333333
"19","10","1/3/2025","r5",1.0982905982906,0.293447366666667,48,0.0208333333333333
"20","10","1/3/2025","r5",1.11304347826087,0.296376966666667,48,0.0208333333333333
"21","10","1/3/2025","r5",1.14222222222222,0.293333333333333,48,0.0208333333333333
"22","10","1/3/2025","r5",13.3979381443299,3.11546393333333,30.8790292353823,0.032384437748262
"N","1000","1/3/2025","r5",1.08219178082192,0.2302674,48,0.0208333333333333
"12","10","1/3/2025","r5",1.11727078891258,0.2736319,48,0.0208333333333333
"13","10","1/3/2025","r5",1.05060728744939,0.264507466666667,48,0.0208333333333333
"14","10","1/3/2025","r5",1.07272727272727,0.2215487,48,0.0208333333333333
"15","10","1/3/2025","r5",1.07991360691145,0.278617766666667,48,0.0208333333333333
"16","10","1/3/2025","r5",1.06971677559913,0.299201133333333,48,0.0208333333333333
"17","10","1/3/2025","r5",1.05979381443299,0.263917433333333,48,0.0208333333333333
"18","10","1/3/2025","r5",1.12650602409639,0.272422966666667,48,0.0208333333333333
"19","10","1/3/2025","r5",1.12473572938689,0.282593466666667,48,0.0208333333333333
"20","10","1/3/2025","r5",1.07855626326964,0.258315666666667,48,0.0208333333333333
"21","10","1/3/2025","r5",1.15869565217391,0.2746376,48,0.0208333333333333
"22","10","1/3/2025","r5",11.1804979253112,2.5504841,36.8606843575419,0.027129176178613
"P","1000","1/3/2025","r6",19.3795180722892,6.0957162,17.2758014073495,0.0578844347894957
"23","10","1/3/2025","r6",1.19956140350877,0.303362533333333,48,0.0208333333333333
"24","10","1/3/2025","r6",1.11685393258427,0.305617866666667,48,0.0208333333333333
"25","10","1/3/2025","r6",6.15158371040724,1.5882353,36.183284457478,0.0276370709567614
"26","10","1/3/2025","r6",1.11868131868132,0.292307666666667,48,0.0208333333333333
"27","10","1/3/2025","r6",1.13771186440678,0.3036722,48,0.0208333333333333
"28","10","1/3/2025","r6",1.09745762711864,0.290254233333333,48,0.0208333333333333
"29","10","1/3/2025","r6",1.119825708061,0.306463333333333,48,0.0208333333333333
"30","10","1/3/2025","r6",1.09090909090909,0.286821866666667,48,0.0208333333333333
"31","10","1/3/2025","r6",1.13829787234043,0.316312133333333,48,0.0208333333333333
"32","10","1/3/2025","r6",1.14038876889849,0.3052555,48,0.0208333333333333
"33","10","1/3/2025","r6",1.14107883817427,0.275242033333333,48,0.0208333333333333
"P","1000","1/3/2025","r6",7.83060109289617,2.25683056666667,11.4706296992481,0.0871791720436715
"23","10","1/3/2025","r6",15.3577235772358,4.55352303333333,17.3467299963464,0.0576477526433295
"24","10","1/3/2025","r6",1.14314928425358,0.3162919,48,0.0208333333333333
"25","10","1/3/2025","r6",1.12352941176471,0.326797433333333,48,0.0208333333333333
"26","10","1/3/2025","r6",1.13535353535354,0.3252526,48,0.0208333333333333
"27","10","1/3/2025","r6",1.24643584521385,0.3340123,48,0.0208333333333333
"28","10","1/3/2025","r6",1.11417322834646,0.329396233333333,48,0.0208333333333333
"29","10","1/3/2025","r6",1.17547169811321,0.330817633333333,48,0.0208333333333333
"30","10","1/3/2025","r6",1.08007448789572,0.3209188,48,0.0208333333333333
"31","10","1/3/2025","r6",1.11516314779271,0.319257966666667,48,0.0208333333333333
"32","10","1/3/2025","r6",1.11049723756906,0.317372766666667,48,0.0208333333333333
"33","10","1/3/2025","r6",1.12132352941176,0.295955866666667,48,0.0208333333333333
"P","1000","1/3/2025","r6",5.33507853403141,1.30773706666667,18.1741511500548,0.0550232025552944
"23","10","1/3/2025","r6",2.24096385542169,0.421017433333333,47.7911832946636,0.0209243615885037
"24","10","1/3/2025","r6",1.10404624277457,0.3262685,48,0.0208333333333333
"25","10","1/3/2025","r6",12.4126984126984,3.57275133333333,22.2398601398601,0.0449643115429362
"26","10","1/3/2025","r6",1.31299212598425,0.341863533333333,48,0.0208333333333333
"27","10","1/3/2025","r6",1.14229249011858,0.338603333333333,48,0.0208333333333333
"28","10","1/3/2025","r6",1.0817843866171,0.302974133333333,48,0.0208333333333333
"29","10","1/3/2025","r6",1.13059701492537,0.3047262,48,0.0208333333333333
"30","10","1/3/2025","r6",1.06415094339623,0.294968466666667,48,0.0208333333333333
"31","10","1/3/2025","r6",1.10694183864916,0.3258285,48,0.0208333333333333
"32","10","1/3/2025","r6",1.14880952380952,0.306878333333333,48,0.0208333333333333
"33","10","1/3/2025","r6",1.11028037383178,0.249844366666667,48,0.0208333333333333
"P","1000","1/3/2025","r6",6.28253424657534,1.4531965,11.3584158415842,0.0880404463040446
"23","10","1/3/2025","r6",1.14314516129032,0.3091398,48,0.0208333333333333
"24","10","1/3/2025","r6",1.07168458781362,0.2885303,48,0.0208333333333333
"25","10","1/3/2025","r6",8.84479717813051,1.70781893333333,37.0673897581792,0.0269778909851439
"26","10","1/3/2025","r6",1.1109022556391,0.3082708,48,0.0208333333333333
"27","10","1/3/2025","r6",1.08639705882353,0.307597933333333,48,0.0208333333333333
"28","10","1/3/2025","r6",1.07194244604317,0.3147483,48,0.0208333333333333
"29","10","1/3/2025","r6",1.11213235294118,0.316789166666667,48,0.0208333333333333
"30","10","1/3/2025","r6",1.09742647058824,0.317401833333333,48,0.0208333333333333
"31","10","1/3/2025","r6",1.1025641025641,0.305250366666667,48,0.0208333333333333
"32","10","1/3/2025","r6",1.10019267822736,0.299293666666667,48,0.0208333333333333
"33","10","1/3/2025","r6",1.08444444444444,0.240740733333333,48,0.0208333333333333
"N","1000","1/3/2025","r6",1.15094339622642,0.2543676,48,0.0208333333333333
"34","10","1/3/2025","r6",1.09832635983264,0.293584333333333,48,0.0208333333333333
"35","10","1/3/2025","r6",1.18789144050104,0.2985385,48,0.0208333333333333
"36","10","1/3/2025","r6",1.15665236051502,0.297567933333333,48,0.0208333333333333
"37","10","1/3/2025","r6",1.12025316455696,0.300281366666667,48,0.0208333333333333
"38","10","1/3/2025","r6",1.13948497854077,0.299713933333333,48,0.0208333333333333
"39","10","1/3/2025","r6",1.21459227467811,0.293275966666667,48,0.0208333333333333
"40","10","1/3/2025","r6",1.10878661087866,0.2726639,48,0.0208333333333333
"41","10","1/3/2025","r6",1.13675213675214,0.287749366666667,48,0.0208333333333333
"42","10","1/3/2025","r6",1.15584415584416,0.295093866666667,48,0.0208333333333333
"43","10","1/3/2025","r6",1.14498933901919,0.277185333333333,48,0.0208333333333333
"N","1000","1/3/2025","r6",1.08812260536398,0.238186466666667,48,0.0208333333333333
"34","10","1/3/2025","r6",1.08232931726908,0.2991969,48,0.0208333333333333
"35","10","1/3/2025","r6",1.12948207171315,0.291500733333333,48,0.0208333333333333
"36","10","1/3/2025","r6",1.14174757281553,0.2970874,48,0.0208333333333333
"37","10","1/3/2025","r6",1.09351145038168,0.291984633333333,48,0.0208333333333333
"38","10","1/3/2025","r6",1.1062124248497,0.3119571,48,0.0208333333333333
"39","10","1/3/2025","r6",1.11615245009074,0.286146333333333,48,0.0208333333333333
"40","10","1/3/2025","r6",1.10861423220974,0.2915106,48,0.0208333333333333
"41","10","1/3/2025","r6",1.11984282907662,0.303863733333333,48,0.0208333333333333
"42","10","1/3/2025","r6",1.125,0.301923,48,0.0208333333333333
"43","10","1/3/2025","r6",1.08477842003854,0.291586466666667,48,0.0208333333333333
"N","1000","1/3/2025","r6",1.09074410163339,0.236539533333333,48,0.0208333333333333
"34","10","1/3/2025","r6",1.24324324324324,0.2425997,48,0.0208333333333333
"35","10","1/3/2025","r6",1.1336032388664,0.284075466666667,48,0.0208333333333333
"36","10","1/3/2025","r6",1.15139442231076,0.2948207,48,0.0208333333333333
"37","10","1/3/2025","r6",1.10018903591682,0.2715815,48,0.0208333333333333
"38","10","1/3/2025","r6",1.1631067961165,0.285437033333333,48,0.0208333333333333
"39","10","1/3/2025","r6",1.10555555555556,0.2746914,48,0.0208333333333333
"40","10","1/3/2025","r6",1.118,0.284,48,0.0208333333333333
"41","10","1/3/2025","r6",1.12617702448211,0.277463933333333,48,0.0208333333333333
"42","10","1/3/2025","r6",1.17659574468085,0.2893618,48,0.0208333333333333
"43","10","1/3/2025","r6",1.08598130841121,0.2816198,48,0.0208333333333333
"N","1000","1/3/2025","r6",1.05892857142857,0.213095133333333,48,0.0208333333333333
"34","10","1/3/2025","r6",1.15503875968992,0.2693798,48,0.0208333333333333
"35","10","1/3/2025","r6",1.13575525812619,0.2664116,48,0.0208333333333333
"36","10","1/3/2025","r6",1.11037527593819,0.228844733333333,48,0.0208333333333333
"37","10","1/3/2025","r6",1.17181467181467,0.279922866666667,48,0.0208333333333333
"38","10","1/3/2025","r6",1.16265060240964,0.276439133333333,48,0.0208333333333333
"39","10","1/3/2025","r6",1.11764705882353,0.261029366666667,48,0.0208333333333333
"40","10","1/3/2025","r6",1.11685823754789,0.2739463,48,0.0208333333333333
"41","10","1/3/2025","r6",1.13432835820896,0.263059566666667,48,0.0208333333333333
"42","10","1/3/2025","r6",1.17920353982301,0.248524966666667,48,0.0208333333333333
"43","10","1/3/2025","r6",1.17518248175182,0.243917133333333,48,0.0208333333333333
